date,tavg,tmin,tmax,prcp,snow,wdir,wspd,wpgt,pres,tsun
2021-01-01,2.5,0.4,4.8,0,0,218,9.4,22.3,1006.5,78
2021-01-02,3.7,2.7,4.5,0,0,202,9.4,24.1,1013,0
2021-01-03,3.2,2.6,3.8,0.7,0,47,17.6,50.8,1017,7
2021-01-04,2.8,1.7,4.3,2.5,0,39,21.6,43.9,1018.5,0
2021-01-05,2.8,1.9,3.6,0.4,0,48,15.8,35.3,1018.5,0
2021-01-06,1.3,0.2,2.5,3.7,0,338,13.7,29.5,1014.7,0
2021-01-07,0.7,0.2,1.5,4.7,10,250,10.8,24.1,1010,0
2021-01-08,1.2,0.4,2.2,0.1,0,325,11.2,25.9,1013.7,0
2021-01-09,0.8,-0.6,2.3,0,0,304,7.6,24.1,1022,56
2021-01-10,2.1,-0.3,4.6,0.6,0,212,14.4,33.5,1022,188
2021-01-11,3.3,2.2,5.4,6.1,0,222,26.6,52.6,1013.4,0
2021-01-12,4.2,1.1,6.3,2.4,0,269,22.3,53.6,1004.3,218
2021-01-13,2.4,0.3,5.6,2.3,0,270,29.2,69.1,1009,149
2021-01-14,1.1,-0.2,2.1,0,0,359,15.5,38.9,1019.5,0
2021-01-15,0,-1.7,0.9,0,0,359,11.5,27,1026.8,57
2021-01-16,-0.7,-2.4,1.1,0,0,170,8.3,18.4,1023.7,3
2021-01-17,-0.2,-0.9,1.4,0.4,0,145,10.1,22.3,1017.9,0
2021-01-18,3.9,1.3,5.3,5.1,0,237,18.4,42.5,1017.4,0
2021-01-19,6.3,4.1,9.5,9.4,0,218,22.3,58.7,1004.5,0
2021-01-20,8.4,6.4,11.2,0,0,204,27,50.8,997,92
2021-01-21,7.6,5.4,11,7.6,0,188,29.5,98.3,988.9,224
2021-01-22,4.5,0.5,9.2,0,0,214,22.7,62.3,989.4,124
2021-01-23,1.9,-0.8,5.3,0.2,0,170,10.4,30.2,995.1,64
2021-01-24,0.7,-2.6,4.6,0,0,283,7.2,27,996.3,90
2021-01-25,0.2,-4.7,4.1,1,0,233,8.6,24.1,1003.1,345
2021-01-26,1.5,-0.4,4.9,1.4,0,259,9.7,38.2,1012.3,146
2021-01-27,2,0.4,4.9,0.6,0,199,13,31.3,1010.4,35
2021-01-28,1.9,0,4.6,0.1,0,34,12.6,29.5,1004.7,3
2021-01-29,-0.4,-1.5,0.2,10,10,94,19.4,43.2,995.6,0
2021-01-30,-3.1,-10.5,-0.7,0,70,44,7.2,25.9,1004.3,0
2021-01-31,-7.1,-12.1,-2.4,0,50,138,4,18,1004.3,374
2021-02-01,-3.5,-8.7,-0.7,0,50,85,10.1,23.4,996.8,0
2021-02-02,-0.4,-2.5,0.7,9.7,40,132,10.4,24.1,1000.9,0
2021-02-03,2.4,0.3,6.4,10.1,40,88,8.6,22.3,996.6,0
2021-02-04,1.2,0.8,1.7,1,20,75,10.1,20.5,1011.5,0
2021-02-05,1.3,0.3,2.5,0.3,0,90,18.4,38.2,1015.3,0
2021-02-06,-0.5,-2.6,0.3,0,0,82,28.8,63.7,1015.9,0
2021-02-07,-4.8,-6.1,-2.5,1,0,74,37.8,69.1,1008.7,0
2021-02-08,-4.6,-9.4,-2.8,0.2,90,79,24.5,55.1,1005,0
2021-02-09,-4.9,-10.6,-3.3,0.1,110,29,12.6,33.5,1007.9,94
2021-02-10,-3.6,-6.4,-2.1,0,110,17,16.9,40.7,1014.4,274
2021-02-11,-5.8,-10.5,-1.2,0.1,70,301,7.9,24.1,1029.4,282
2021-02-12,-6.4,-12.2,-1.8,0,80,54,11.5,29.5,1037.3,515
2021-02-13,-8.6,-15.8,-1.8,0,60,185,4.7,11.2,1042,523
2021-02-14,-6.3,-12.3,-0.5,0,60,125,12.6,33.5,1039.3,528
2021-02-15,-0.5,-3.8,2.3,8.6,50,149,16.9,40.7,1025.1,0
2021-02-16,3.6,2.1,6,2.2,20,167,10.4,29.2,1014.7,0
2021-02-17,7.3,5.6,9.6,0.2,0,224,16.9,40,1013.5,18
2021-02-18,8.2,5.5,10.7,0.8,0,162,16.9,40.7,1011.4,211
2021-02-19,6.8,3.2,10.5,0,0,211,16.9,37.1,1014.7,346
2021-02-20,9.5,5.5,15.5,0,0,139,13.3,31.3,1014.4,315
2021-02-21,9.8,4.1,17.3,0,0,132,8.3,16.6,1014.6,540
2021-02-22,10.1,2.9,18.2,0,0,153,9.4,27.7,1019.1,439
2021-02-23,11.8,5.7,17.5,0,0,185,11.5,43.9,1027.9,268
2021-02-24,12.6,8.2,18.3,0,0,189,14.8,46.8,1028.1,563
2021-02-25,11.3,6.7,17.6,0,0,220,13.3,40,1025.5,433
2021-02-26,6.9,3.8,11,0,0,293,15.8,38.9,1032,340
2021-02-27,5.2,0.1,9.3,0,0,293,13,28.4,1038.7,9
2021-02-28,3.1,-2.2,7.2,0,0,299,6.8,16.6,1037.9,0
2021-03-01,4.3,0.3,9,0,0,71,7.9,18.4,1035.6,425
2021-03-02,3.7,-2.3,12.5,0,0,94,8.6,22.3,1032.7,585
2021-03-03,5.2,-2,13.6,0,0,198,11.5,35.3,1026.2,354
2021-03-04,3.4,-0.3,6.3,0.2,0,307,16.2,40.7,1020.3,2
2021-03-05,1.6,-2.7,6.4,0.1,0,344,12.2,27.7,1028.3,629
2021-03-06,1.9,-2.5,6.2,0.4,0,271,11.5,31.3,1031.9,34
2021-03-07,2.5,-2.5,5.6,0.9,0,259,16.6,38.9,1023.7,19
2021-03-08,2.4,-3.8,6.3,4.6,0,117,7.9,24.1,1022.3,546
2021-03-09,1.5,0.3,2.9,1.3,20,114,9.4,24.1,1017.7,0
2021-03-10,4.8,1.9,7.4,12.5,0,156,14.8,49.3,1014.8,18
2021-03-11,7.8,4.3,13.1,5,0,220,33.5,87.1,994.7,128
2021-03-12,6.1,2.4,9.8,7.7,0,237,29.5,77.8,1000.2,170
2021-03-13,5.5,2.9,8.6,12.6,0,219,32.8,82.1,991.1,145
2021-03-14,5.2,2.5,9.5,5.8,0,265,25.6,59.8,1003.7,211
2021-03-15,4.9,2,8.2,0.7,0,276,24.5,62.3,1008.9,115
2021-03-16,4.7,1.3,8.5,0.1,0,306,20.2,43.9,1020,260
2021-03-17,3.7,0,7.9,1.6,0,309,10.8,43.2,1024.1,173
2021-03-18,2.9,-0.2,5.6,0.1,0,309,9,25.9,1022.6,43
2021-03-19,2.3,-2.4,7,0.2,0,27,14.8,36.4,1025.3,320
2021-03-20,1.9,-4.7,6,0.4,0,244,14.4,40,1026.7,58
2021-03-21,5.8,4.8,7.3,0,0,306,29.5,62.3,1018.7,54
2021-03-22,5.8,4,8.2,0.3,0,315,16.6,38.9,1022.4,43
2021-03-23,6,2.1,9.4,0,0,264,10.8,31.3,1023.8,151
2021-03-24,8.4,3.8,14.6,0,0,219,12.6,37.8,1021.2,390
2021-03-25,7.9,2.4,13.2,0,0,214,7.9,31,1019.2,268
2021-03-26,9.5,3.3,15.7,0.8,0,186,14.4,42.1,1015.5,443
2021-03-27,5.6,2.2,9.9,2,0,236,22,63,1016.5,149
2021-03-28,8,2.4,11.8,0.3,0,,21.2,54.4,1023.8,71
2021-03-29,13.1,5.6,18.7,0,0,239,20.9,48.6,1025.7,597
2021-03-30,12.9,5.8,21.1,0,0,214,7.9,25.9,1028.9,715
2021-03-31,13.7,3.1,23.6,0,0,127,5.8,18.4,1021.6,698
2021-04-01,9,5.3,12.1,0,0,306,16.9,48.6,1020.8,316
2021-04-02,5.2,0.3,8.1,0.6,0,316,19.8,48.6,1023.4,17
2021-04-03,6.4,1.8,12.1,0,0,308,16.6,38.9,1025.1,594
2021-04-04,5.9,4.5,7.8,1.5,0,268,18.4,46.4,1020.1,0
2021-04-05,2.7,-2.6,6.6,1.5,0,272,29.9,78.8,1004.4,227
2021-04-06,0.7,-3.2,4.8,2.5,10,271,21.2,72.4,1006.9,284
2021-04-07,2.1,-1.4,6.6,3.9,0,265,24.1,71.6,1011.1,128
2021-04-08,4,0.1,7.7,0,0,244,21.6,45,1019.3,88
2021-04-09,6.6,3.1,12.3,0.7,0,241,19.1,44.3,1012.5,285
2021-04-10,5.9,3.6,8.6,11.4,0,48,13.7,39.6,1014,51
2021-04-11,5.6,0.6,8.8,2.7,0,260,20.2,41.4,1010.6,12
2021-04-12,3.2,-0.9,9.1,0.3,0,255,16.2,49.3,1023.9,523
2021-04-13,3.6,-1,8.4,0.6,0,277,18.4,60.5,1029.4,499
2021-04-14,3.2,-1.8,8.7,0.5,0,297,13,46.8,1029.7,521
2021-04-15,4.9,-3.7,11,0,0,332,10.8,35.6,1030.1,522
2021-04-16,7.2,-0.4,12.2,0,0,4,13.7,38.9,1027.6,736
2021-04-17,7.1,-0.9,13.1,0,0,329,12.2,41.4,1024.2,467
2021-04-18,10.9,4.4,16.3,0.9,0,29,11.5,33.5,1021.5,527
2021-04-19,10.3,6.1,15.5,0,0,96,9.4,24.1,1020.8,310
2021-04-20,11.2,3.4,17.4,0,0,26,10.1,29.5,1017.1,811
2021-04-21,6.9,1.1,12.4,0,0,304,17.6,48.6,1017.5,491
2021-04-22,7,4,10.8,0,0,302,24.5,53.6,1023.3,382
2021-04-23,7.5,2.3,12.3,0,0,305,19.8,42.1,1027.4,614
2021-04-24,7,2.4,11.6,0,0,309,15.8,49.3,1026.8,630
2021-04-25,7.5,0.6,11.8,0,0,353,14.8,33.5,1025.9,593
2021-04-26,6.1,-1.8,12,0,0,348,9.4,36.4,1020.6,692
2021-04-27,7.5,-0.6,13.2,0,0,103,15.5,43.9,1013.5,846
2021-04-28,10.9,2,17.7,0,0,75,13,42.5,1006.2,673
2021-04-29,9.7,7.2,12.3,10.5,0,66,13.7,30.2,1002.6,37
2021-04-30,9.5,3.9,13.8,0,0,28,9.4,28.4,1011.8,353
2021-05-01,9,3.6,13.1,0.2,0,176,10.8,35.3,1012.6,201
2021-05-02,6.1,1.9,10.3,1.6,0,274,16.9,50,1014.8,123
2021-05-03,5.9,0.9,9.8,8.5,0,239,13,47.5,1015.9,111
2021-05-04,8.9,7.1,12.3,3.9,0,205,33.8,95.8,995.2,136
2021-05-05,7,3.5,9.8,2,0,254,37.1,93.2,999.1,226
2021-05-06,6.4,1.8,11.6,0.4,0,259,15.5,43.2,1005.4,461
2021-05-07,6.9,2.9,12.2,0.2,0,291,16.6,47.5,1011.5,266
2021-05-08,8.5,0.7,14.8,3.8,0,185,14.8,42.1,1014,503
2021-05-09,19.1,9.7,27.1,0,0,159,17.3,40,1003.6,619
2021-05-10,19.1,13.8,24.5,9.8,0,191,16.6,50.8,1004.9,322
2021-05-11,13,11.1,14.2,2.3,0,44,10.1,33.5,1008.7,0
2021-05-12,13.1,8.3,18,0,0,308,15.1,35.3,1009.7,262
2021-05-13,11.6,8.1,15.4,0,0,314,11.5,29.5,1007.8,598
2021-05-14,10.6,5.7,15.1,0,0,299,11.9,30.2,1006.8,288
2021-05-15,10.1,4.4,15.4,0.6,0,162,7.2,45,1003.8,108
2021-05-16,11.7,8.5,15.8,2.4,0,209,10.8,33.5,1000.1,239
2021-05-17,11.2,6.5,15.6,4.9,0,211,10.1,38.9,1002.6,287
2021-05-18,11.4,7.3,16.2,0,0,263,10.1,36.4,1011,268
2021-05-19,9.5,3.5,15.2,1.5,0,242,9,45,1015.5,483
2021-05-20,11,2.2,17.3,0.1,0,237,12.6,38.9,1016.7,571
2021-05-21,11.1,6.9,15.6,7,0,203,19.4,79.6,1002.9,305
2021-05-22,10.6,7,13.4,1.8,0,207,26.6,55.4,1000.9,62
2021-05-23,10.1,5.1,14.2,0.1,0,232,14,58,1011.4,393
2021-05-24,13.3,8.7,20.5,1.3,0,154,16.9,54.4,1009.4,329
2021-05-25,10.2,8.4,14.7,5.6,0,219,18.4,49.3,1009.3,134
2021-05-26,10.5,7.8,14.7,1.5,0,230,21.6,55.4,1008.1,178
2021-05-27,11.7,8.4,15.2,0,0,281,23.8,45.7,1013.1,196
2021-05-28,11.6,5.9,17.8,0,0,316,18.4,40.7,1023.2,395
2021-05-29,11,5.1,15.1,0,0,335,12.2,31,1026.5,359
2021-05-30,11.7,2.2,20,0,0,305,10.1,33.8,1027.7,928
2021-05-31,16.5,8.4,22.8,0,0,62,10.8,36.4,1023.5,941
2021-06-01,17.9,8,24.2,0,0,63,9.4,27.7,1019,751
2021-06-02,18.3,10.6,24.4,0,0,92,13.3,31.3,1016.8,826
2021-06-03,18.8,15.5,26.3,7.7,0,124,13.3,63.7,1019.3,293
2021-06-04,20.6,12.6,26.2,4.1,0,116,7.2,20.5,1020,651
2021-06-05,18.2,15.2,20.7,4.1,0,73,7.2,20.9,1018.9,6
2021-06-06,16,13.4,18.5,0,0,283,14,27.7,1021.6,42
2021-06-07,15.6,13.1,18.4,0,0,296,13,24.1,1022.9,0
2021-06-08,18.5,12.6,24,0,0,346,10.1,27,1022.7,461
2021-06-09,19.9,11.9,26.1,0,0,32,6.8,35.6,1021,734
2021-06-10,20.2,13.3,25.6,0,0,284,7.9,30.2,1019.7,858
2021-06-11,19.8,11.6,26,0,0,273,9,52.6,1017.7,631
2021-06-12,16.8,10.3,20.4,0,0,279,22,59.4,1018.2,344
2021-06-13,15.2,6.8,21.1,0,0,299,13.7,37.1,1025.9,905
2021-06-14,19.4,10.1,27,0,0,189,11.9,35.3,1020.5,894
2021-06-15,17,11.3,20.9,0,0,337,12.2,29.5,1020.4,673
2021-06-16,20.9,9.7,28.1,0,0,106,10.4,25.9,1015.6,917
2021-06-17,26.6,19.7,33.3,0,0,135,16.9,40,1011.6,911
2021-06-18,25.4,17.7,30.7,0,0,1,8.6,35.6,1012.3,632
2021-06-19,23.3,17,29.2,6.2,0,247,14.4,40,1012.5,773
2021-06-20,20.6,15.4,25.8,20,0,252,18,48.2,1007.8,358
2021-06-21,14.3,12.9,16.3,12.4,0,4,18.7,42.5,1008.6,0
2021-06-22,14.8,11,18.4,0,0,322,14.4,33.5,1016.4,418
2021-06-23,15,9.9,18.8,0,0,307,10.4,24.1,1020.8,132
2021-06-24,16.1,12.1,19.9,0,0,314,10.4,27.7,1019.8,737
2021-06-25,17.1,10.5,23.1,0,0,221,7.6,32,1017.5,582
2021-06-26,19.7,13.6,23.8,0,0,242,6.1,22.3,1019,255
2021-06-27,21.1,14.4,26.7,0,0,53,9,28.4,1017.3,740
2021-06-28,22.5,16.5,29.2,1,0,104,9.7,29.2,1013.8,377
2021-06-29,18.8,13.4,23.8,2.5,0,144,7.9,40.7,1010.3,29
2021-06-30,16.2,13.2,18.7,1.4,0,272,11.5,31,1009.6,0
2021-07-01,16.7,13.4,22.3,1.2,0,285,14,31.3,1011,249
2021-07-02,17,12.9,20.7,0,0,249,11.9,27.7,1015.9,119
2021-07-03,18.2,10.2,24.2,0,0,295,6.8,22.3,1015.1,851
2021-07-04,18.9,14.3,25.4,9.1,0,101,7.2,68,1009.9,198
2021-07-05,18.1,15.5,21.6,0.6,0,203,10.1,27,1008.3,300
2021-07-06,19.9,13.3,24.9,1,0,168,19.1,48.6,1006.4,308
2021-07-07,18.9,11.4,25.5,0.5,0,185,13.3,44.3,1015.1,578
2021-07-08,20.6,15,27,0.2,0,1,7.6,41.4,1019.5,444
2021-07-09,18.4,12.1,21.8,0,0,319,15.5,37.1,1019.4,227
2021-07-10,17.5,9.9,23.1,0,0,263,8.6,22.3,1016.5,442
2021-07-11,20.3,15,27.2,10.6,0,52,9.4,45.7,1015.6,478
2021-07-12,21.4,15.3,27,0,0,118,6.8,33.5,1011.5,485
2021-07-13,22.7,19.1,26.9,0.7,0,42,9,34.6,1008.8,254
2021-07-14,20.9,17.6,24.9,6.3,0,347,10.4,25.9,1008.1,154
2021-07-15,20.2,15.4,26.3,0,0,240,12.6,41.4,1012.9,390
2021-07-16,19.6,16.7,24,0,0,303,17.6,37.8,1019.8,526
2021-07-17,20.2,15.7,24.8,0,0,320,20.2,46.8,1023,908
2021-07-18,19.2,13.7,27,0,0,305,16.2,42.5,1021.7,472
2021-07-19,16.5,12.6,19.3,0,0,310,13.3,27.7,1021,67
2021-07-20,17.2,14.1,21.2,0,0,299,11.9,33.5,1020.9,111
2021-07-21,18.3,12.7,22.6,0,0,290,10.8,31.3,1022.7,218
2021-07-22,18,10.8,22.3,0.1,0,331,11.2,31,1021.6,496
2021-07-23,15.6,9.3,19.2,0.1,0,325,7.6,24.1,1018,0
2021-07-24,20.3,11.5,28.3,9,0,77,12.6,38.2,1010.8,645
2021-07-25,21.7,17.1,27.7,0,0,155,10.8,31.3,1008.1,413
2021-07-26,21.2,15.5,28.5,3.8,0,177,7.9,35.3,1009.4,468
2021-07-27,19.9,16.5,25.8,0,0,212,13.7,62.3,1010.4,314
2021-07-28,18.5,14,24.4,4.4,0,208,16.9,55.4,1008.7,354
2021-07-29,17.3,12.4,21.9,0,0,223,24.1,66.6,1008.4,494
2021-07-30,18.4,11.2,24.2,1.9,0,220,16.2,41.4,1007,600
2021-07-31,16.4,13.2,19.7,11.4,0,225,22.3,58,1004.6,210
2021-08-01,15.8,11,21.1,9,0,248,12.6,47.5,1007.9,86
2021-08-02,15,10.8,20.2,0.4,0,265,14.8,41.4,1012,144
2021-08-03,16.1,9.7,22,1.2,0,258,7.6,24.1,1013.5,398
2021-08-04,16.5,13.4,22,0.8,0,23,11.5,29.2,1013.7,295
2021-08-05,17.9,12.2,24.7,0,0,89,10.8,42.5,1009.1,465
2021-08-06,17.2,13.8,23.7,5.9,0,149,12.2,46.4,1003.3,340
2021-08-07,17.8,13.5,23.2,3.1,0,177,11.5,40.7,1002.6,301
2021-08-08,16.5,12.6,21.2,0.9,0,211,20.2,62.3,1006.8,234
2021-08-09,15.9,12.9,21.6,7.4,0,192,15.8,68.4,1014.5,426
2021-08-10,15.1,10.6,21.3,10,0,226,11.2,40,1015.3,160
2021-08-11,17.1,9.5,23.6,0,0,228,6.5,25.9,1018.8,639
2021-08-12,19.7,13.2,26.1,0,0,183,6.5,24.1,1019.1,539
2021-08-13,19.3,13.1,25.7,0,0,222,12.6,44.3,1019.6,434
2021-08-14,18.3,12.7,24.1,0,0,232,15.8,42.1,1018.7,426
2021-08-15,19.8,14.1,26,0.9,0,225,14,46.4,1011.9,549
2021-08-16,15.3,12.5,17.8,3.3,0,242,24.1,64.1,1007,148
2021-08-17,15,12.6,18.5,3,0,257,27,68.4,1012.2,107
2021-08-18,16.2,12.5,19.8,0.1,0,247,20.9,50.8,1011.7,19
2021-08-19,16.3,14,18.2,4.2,0,250,14,29.5,1011.7,2
2021-08-20,16.9,13.9,21.2,0.2,0,238,11.2,35.6,1015.3,182
2021-08-21,18.1,13.3,23.5,1.1,0,100,6.8,23.4,1018,258
2021-08-22,17.1,15,20.5,9,0,84,12.6,29.5,1015.3,24
2021-08-23,17.7,14.6,22.7,0,0,30,16.2,40,1023.4,536
2021-08-24,16.4,9.5,21.4,0,0,53,10.8,38.9,1028.1,759
2021-08-25,14.7,8.6,20,1.1,0,282,16.9,42.5,1020.1,146
2021-08-26,15.2,10.1,19.1,0.1,0,310,17.3,48.2,1012.5,217
2021-08-27,15.1,12.2,18.9,5.4,0,335,16.6,40,1014.5,142
2021-08-28,15.4,14.2,17,6.5,0,346,15.1,34.6,1017.8,2
2021-08-29,16.1,14,19.4,0.5,0,353,15.5,38.9,1017.3,57
2021-08-30,16.9,11,20.4,0,0,9,15.1,36.4,1019.5,222
2021-08-31,15.9,9.5,22.3,0,0,308,13.3,36.4,1023.4,662
2021-09-01,15.4,9,21.4,0,0,281,8.3,22.3,1027,424
2021-09-02,14.6,8.5,21.1,0,0,271,6.1,18.4,1026.9,477
2021-09-03,14.1,6.8,20.2,0,0,308,11.5,29.5,1021.7,481
2021-09-04,15.8,11.2,19.8,0,0,8,10.4,27,1019.8,311
2021-09-05,14.7,10.3,21.2,0,0,79,7.9,20.5,1022.8,457
2021-09-06,14.7,6.3,22.5,0,0,243,6.1,22.3,1024.2,438
2021-09-07,16.7,9.8,24,0,0,168,4,13.7,1023.9,429
2021-09-08,18.7,11.5,25.2,0,0,103,9,25.9,1018.4,759
2021-09-09,20,11.7,27.7,6.5,0,119,7.6,29.2,1011.1,713
2021-09-10,19.4,17.1,25.3,12.5,0,205,6.8,39.6,1012.3,220
2021-09-11,18.4,16.3,20.3,0.6,0,220,13.7,32.8,1014.8,69
2021-09-12,17,11.2,21.1,0.3,0,252,13,33.8,1016.2,146
2021-09-13,15.3,11,19.3,0,0,281,7.6,18.4,1018.4,147
2021-09-14,17,9.8,22.9,0.3,0,82,10.4,25.9,1015.8,659
2021-09-15,17.6,15.8,20.3,11.6,0,141,8.3,34.6,1010.3,24
2021-09-16,15.9,12.6,19.9,1,0,258,20.9,50.8,1013.4,116
2021-09-17,14.1,8.2,18.6,0,0,290,14,32.8,1015.2,287
2021-09-18,14,8.6,19.4,0,0,299,8.3,29.5,1017.6,30
2021-09-19,12.9,11.2,15.1,0,0,85,12.6,31,1018.6,3
2021-09-20,12.1,6.8,16.5,0,0,68,9.7,24.1,1023.1,42
2021-09-21,12.2,7.4,16.9,0.4,0,247,10.8,35.6,1027.9,24
2021-09-22,14.1,9.4,19.6,0,0,242,11.2,29.5,1026,453
2021-09-23,13.9,10,17.7,1,0,241,23.8,60.5,1014.6,71
2021-09-24,15.5,9.9,19.3,0,0,243,18,39.6,1013.2,49
2021-09-25,17.4,13.7,20.9,0,0,239,12.2,32,1015,100
2021-09-26,17.9,13.6,23,0.3,0,127,7.9,21.6,1015.1,324
2021-09-27,17.7,11.3,22.1,1.9,0,184,13.3,43.9,1014.7,276
2021-09-28,13.1,8.8,18.4,0,0,194,8.6,23.4,1021.4,555
2021-09-29,11.6,9.9,16.9,3.4,0,169,19.4,55.4,1015.1,66
2021-09-30,11.9,8.7,16.5,0,0,228,25.6,53.6,1020.9,496
2021-10-01,13.8,10.8,18.5,1.3,0,176,20.2,48.2,1015.4,278
2021-10-02,14.6,12.1,17.2,0.2,0,178,17.3,42.5,1008.2,90
2021-10-03,17.3,10.8,20.8,1.2,0,181,25.6,70.9,1000.7,0
2021-10-04,12.4,9,17.5,0,0,186,14.4,38.2,1014.7,306
2021-10-05,12.1,8.7,16,0,0,135,13.3,34.6,1008.3,160
2021-10-06,11.9,10.3,14.4,0.5,0,180,16.9,45.7,1013.2,115
2021-10-07,11.6,5.9,16,0,0,119,5.8,20.5,1027.6,292
2021-10-08,10.7,2.6,18,0,0,86,7.2,24.1,1032.1,568
2021-10-09,10,4.4,15.7,0,0,90,11.9,27.7,1031.2,617
2021-10-10,7.7,2.5,14.6,0.9,0,156,7.2,18.4,1026.5,568
2021-10-11,10.4,6.6,15.7,5.2,0,264,14.4,47.5,1022.7,291
2021-10-12,8.7,1.9,12.6,0.9,0,287,14.4,37.8,1017.6,277
2021-10-13,7.8,1.5,12.2,0.2,0,249,9.7,36.4,1022.1,129
2021-10-14,12.6,10.6,14.7,0.2,0,248,19.1,46.4,1019.4,0
2021-10-15,10.8,4.9,14,7.8,0,261,20.2,50,1014.7,325
2021-10-16,8.3,3.7,11.2,0,0,225,9.7,27.7,1020.6,0
2021-10-17,10.3,8.4,12.5,0,0,221,13.3,30.2,1019.4,0
2021-10-18,11.1,8.7,14.5,0,0,187,10.4,24.1,1021.4,17
2021-10-19,14,10,17.1,0.3,0,192,15.8,40,1015.1,0
2021-10-20,15.6,12.2,18.2,12.2,0,214,24.5,61.6,1001.4,23
2021-10-21,9.7,5.4,14.7,11.7,0,235,27.7,83.9,995.5,8
2021-10-22,7.3,4.6,10.3,5,0,253,29.2,69.8,1010.6,133
2021-10-23,7,3,12.4,0,0,248,12.6,31.3,1025.4,309
2021-10-24,6.5,2.6,12,0,0,141,11.2,31.3,1024.3,560
2021-10-25,8,1.4,12.9,0.2,0,173,9,22.3,1017.4,86
2021-10-26,11.9,9.2,13.7,0.1,0,220,16.9,40.7,1017.9,21
2021-10-27,13.1,8.7,15.3,0,0,218,17.3,46.8,1020.2,0
2021-10-28,10.6,6.4,16.5,0,0,151,11.5,27.7,1016.7,556
2021-10-29,10.5,5.7,16.8,0,0,145,14.4,36.4,1008.9,486
2021-10-30,10.9,8.9,12.6,0.8,0,145,13,31.3,1004.6,0
2021-10-31,12.8,8,15.9,3.5,0,159,15.5,38.9,1002.6,272
2021-11-01,10.1,6.1,13,0,0,193,17.3,49.3,998.8,192
2021-11-02,7.3,3.5,11.7,0,0,156,7.6,24.1,999.7,337
2021-11-03,7.5,5.3,9.7,1.5,0,139,7.6,16.6,1001.8,76
2021-11-04,7.9,6.6,9.1,0,0,352,14.4,33.5,1004.9,2
2021-11-05,7.9,5.7,11.7,0.4,0,256,14.8,40.7,1018.7,197
2021-11-06,8.7,6.5,10.2,6.2,0,225,23,47.5,1021.7,0
2021-11-07,9.3,7.4,11.4,0.1,0,249,29.5,63,1011.2,248
2021-11-08,7.9,4.2,10.1,0,0,247,16.6,38.9,1019.8,40
2021-11-09,7.7,2.7,11.8,0,0,193,10.4,33.8,1025.7,471
2021-11-10,6.2,1.1,9.6,0,0,199,6.5,22.3,1024.1,177
2021-11-11,8.7,7.7,10.1,0,0,215,10.1,29.5,1023.3,0
2021-11-12,7.7,5.5,10,1.1,0,155,13,31.3,1017,85
2021-11-13,7.4,5.8,8.4,0,0,143,9.7,25.2,1012.6,0
2021-11-14,7.6,6.4,9.1,0,0,73,11.2,27.7,1024.5,0
2021-11-15,5.8,5.2,6.5,0,0,105,12.6,27.7,1028,0
2021-11-16,4.6,3.8,5.3,0,0,147,7.6,23.4,1023,0
2021-11-17,5.8,3.8,8.7,0.2,0,231,15.5,38.9,1018.8,34
2021-11-18,8.6,4.4,11.4,0.1,0,234,22,44.3,1023.3,7
2021-11-19,12.1,11.1,13.2,0,0,260,23.4,45.7,1024.7,0
2021-11-20,10.3,8.2,11.2,2,0,245,19.1,37.1,1020.4,0
2021-11-21,7.3,3.9,10.1,0.6,0,270,14.4,35.6,1011.1,200
2021-11-22,3.5,-0.8,7.1,0.3,0,299,10.1,27,1025.2,460
2021-11-23,6.7,2.3,10,0.3,0,264,10.8,27.7,1027.3,128
2021-11-24,5.9,2.9,7.8,0,0,218,9,24.1,1021.4,0
2021-11-25,4,0.7,6.1,0.6,0,221,12.2,31.3,1008.7,1
2021-11-26,3.6,0.7,5.4,1.9,0,196,18,38.9,994.3,1
2021-11-27,3.1,2.2,4.1,1.6,0,153,13,31,989.1,0
2021-11-28,2.7,1.4,4.1,0.2,0,248,10.4,25.2,995.9,30
2021-11-29,2.6,-0.2,4.3,1.3,0,292,11.2,27.7,1004.8,35
2021-11-30,5.5,2.9,8.2,5.1,0,255,25.2,62.3,1001.3,30
2021-12-01,7.2,3.1,9.5,0.3,0,222,35.3,87.1,988.2,1
2021-12-02,0.5,-3.1,3.6,2.6,0,266,13,40,999.9,42
2021-12-03,1.5,-2,4,1.7,0,220,22.3,54.4,1004.4,0
2021-12-04,3.3,0.1,4.5,15.5,0,162,12.2,33.5,997,0
2021-12-05,1.6,0.2,3.2,3.9,0,91,9,25.9,1003.6,0
2021-12-06,1.5,0.8,2.5,0.6,0,104,14.8,38.2,1012.8,0
2021-12-07,2.2,0.6,4.4,1.9,0,142,15.1,38.9,1006.2,0
2021-12-08,2.8,0.9,5.2,0,0,132,18.4,50,999,52
2021-12-09,2.3,0.9,4,0,0,140,10.8,24.1,1003.3,0
2021-12-10,3.2,1.9,5,0.5,0,114,11.5,27.7,997.9,265
2021-12-11,1.7,-0.7,5.1,0.9,0,229,11.2,37.1,1013.1,237
2021-12-12,5.9,2.1,9.2,1.9,0,210,15.1,36.4,1019.9,0
2021-12-13,9.2,8.2,10.2,0,0,223,13,22.3,1024.9,0
2021-12-14,8.1,7.5,8.7,0.4,0,225,14.4,29.5,1025.3,0
2021-12-15,8.8,5.1,10.3,0,0,231,15.5,29.5,1028.3,0
2021-12-16,8.3,6.2,9.3,0,0,272,10.1,22.3,1035.6,0
2021-12-17,7.6,6.7,8.5,0,0,307,11.5,29.2,1039.2,0
2021-12-18,7.6,6.6,8.9,0,0,294,16.2,38.2,1036.6,1
2021-12-19,6.8,-0.8,8.4,0,0,306,22.3,50,1027.4,0
2021-12-20,-0.8,-5.2,4.6,0,0,293,7.2,18.4,1027.7,412
2021-12-21,-3.8,-6.6,1.9,0,0,200,4.3,11.2,1027.1,311
2021-12-22,-3.9,-5.5,-2.1,0,0,144,6.1,11.9,1024.9,23
2021-12-23,-0.2,-3.2,4.6,11.4,0,176,11.5,37.8,1008.6,0
2021-12-24,3.2,-3.6,6.7,9.4,0,313,16.2,38.2,1002.1,0
2021-12-25,-5.1,-8.7,-1.6,0,0,81,11.2,25.9,1013.2,411
2021-12-26,-5.8,-11.1,-1.9,0,0,96,15.8,37.8,1010.9,409
2021-12-27,-0.7,-3.2,2.3,0.5,0,114,15.8,35.3,1002.4,0
2021-12-28,4.4,2.2,6.8,3.5,0,140,15.1,31.3,993.9,109
2021-12-29,6.1,3.6,8.8,2.3,0,223,9.4,27,1003,0
2021-12-30,10.9,7.2,13.1,3.4,0,236,21.2,47.5,1010.4,0
2021-12-31,12.7,11.7,13.6,3.1,0,242,28.4,59.8,1014.3,0
2022-01-01,12.2,11,13.6,1.9,0,225,17.3,33.5,1020.3,18
2022-01-02,11.4,9.3,13.3,5.7,0,224,23.4,66.6,1009.6,14
2022-01-03,8.8,7.3,10.4,2.2,0,241,27.4,70.9,1004.9,55
2022-01-04,5.7,2,8.1,3.6,0,239,16.9,34.6,995.4,0
2022-01-05,3.5,1.4,6.6,6.2,0,254,27,59.4,998.8,72
2022-01-06,1.5,-2.9,5.2,0.3,0,245,10.8,31,1015.2,366
2022-01-07,2.5,0.7,4.9,0.5,0,202,18.4,43.2,1009.3,45
2022-01-08,2,0.1,3.8,2.5,0,205,19.4,46.4,1003.9,237
2022-01-09,3.8,2.1,5.7,3.5,0,220,18.7,44.3,996,0
2022-01-10,2.7,-1.6,6.8,0,0,258,6.8,14.8,1020.4,279
2022-01-11,0,-2.7,3.7,0.3,0,151,7.2,18.4,1032.9,173
2022-01-12,3.8,2.5,6.9,0,0,246,12.2,30.2,1036.8,55
2022-01-13,4.6,3.5,6.3,0,0,245,18.7,37.1,1036.6,0
2022-01-14,6.2,4.9,7.1,0,0,275,17.6,38.9,1032.7,0
2022-01-15,4.5,2.6,6.4,0,0,198,8.3,23.4,1028.3,53
2022-01-16,4.2,1.8,6.5,1,0,234,20.5,51.1,1020.9,0
2022-01-17,6.4,4.8,8.3,1.2,0,294,28.8,63,1027.5,35
2022-01-18,6,4.5,7.2,0,0,268,12.6,31.3,1035.9,0
2022-01-19,3.7,0.3,6.2,2.5,0,228,19.8,69.1,1021.8,0
2022-01-20,1.3,-3,3.9,0.8,0,295,24.5,71.6,1021.7,112
2022-01-21,3.1,-2.7,6.4,3.2,0,276,17.6,40.7,1028.2,12
2022-01-22,6.2,3.3,7.4,0.8,0,297,17.3,40,1030,8
2022-01-23,5.8,4.2,7.6,0,0,270,11.2,22.3,1034.5,0
2022-01-24,4.9,3.4,5.9,0,0,263,8.3,20.5,1034.5,0
2022-01-25,3.7,3.2,4.6,0,0,250,8.6,20.5,1032.9,0
2022-01-26,3,1.7,4.8,0,0,238,18,38.9,1028.2,0
2022-01-27,5.7,4,8.7,2.1,0,258,32.4,67.3,1017.9,45
2022-01-28,5.2,3.6,7.6,1.3,0,281,22.7,56.9,1027.8,167
2022-01-29,7.9,5.7,11.3,0.2,0,253,37.8,90,1016.7,0
2022-01-30,5.4,1.1,7.2,2,0,285,35.6,83.9,1020.7,120
2022-01-31,3,0.7,5.6,4.1,0,259,14,46.8,1007.2,2
2022-02-01,5.1,1.6,8.3,3.8,0,264,30.2,92.2,1008.4,0
2022-02-02,4.8,0.3,7.5,1.8,0,287,27.4,64.8,1014,260
2022-02-03,6.6,3.8,8.2,1.2,0,221,16.9,43.2,1013.3,0
2022-02-04,6.3,2.4,9,4.5,0,230,24.8,55.4,1005.9,20
2022-02-05,4.7,1.9,6.3,6.4,0,242,30.2,64.1,1012.4,178
2022-02-06,5.7,2.1,8.2,16.3,0,240,30.6,92.5,997.6,1
2022-02-07,4.7,2.6,7.2,1.1,0,280,27,79.6,1015.1,293
2022-02-08,7.9,4.3,9.6,0.1,0,243,25.9,49.3,1021.9,0
2022-02-09,8.4,5.9,10.2,3.2,0,238,21.2,55.4,1021.8,12
2022-02-10,6.1,2.8,8,3.7,0,247,13.3,41.4,1018,48
2022-02-11,3,-1.9,5.8,0.6,0,262,18.7,56.2,1023.6,23
2022-02-12,1.2,-2.5,5.4,0,0,185,13,38.9,1027.4,523
2022-02-13,4,-1.3,7.9,0,0,183,18.7,48.2,1011.3,407
2022-02-14,8.9,6.6,11.7,0.4,0,194,24.1,51.1,1000.3,134
2022-02-15,6.9,5.5,9.1,3.5,0,221,25.2,52.6,1005.7,107
2022-02-16,9.8,6.8,13,8.9,0,220,31.3,86.4,991.8,0
2022-02-17,7.8,4.6,11.2,1.1,0,270,50.4,111.6,995.7,91
2022-02-18,6.6,3.7,11.2,5.4,0,214,33.5,106.9,995.7,6
2022-02-19,5,1.8,7.2,3,0,242,39.2,117.4,1004,235
2022-02-20,6.6,2.1,10.4,17.5,0,222,28.1,90,999.1,0
2022-02-21,5,3.1,7,5,0,257,36,76,994,18
2022-02-22,5.8,2.8,8.7,3.1,0,260,26.6,77,1011.8,185
2022-02-23,6.7,3.3,10.9,0,0,240,21.6,47.5,1019.8,571
2022-02-24,6.8,1.9,10.5,1.7,0,220,25.6,104.4,1008.2,107
2022-02-25,3.9,2.2,7,4.3,0,255,27.7,62.3,1016.9,150
2022-02-26,4.1,-1.6,10.2,0,0,299,9,25.9,1033.4,558
2022-02-27,3.2,-1.5,8.5,0,0,115,14.4,37.1,1034.9,615
2022-02-28,3.3,-1.1,8.9,0,0,128,16.2,35.6,1032.5,613
2022-03-01,3.8,-1.1,8.7,0,0,127,9.7,24.1,1029.3,329
2022-03-02,4.5,-0.5,9.4,0,0,59,8.6,22.3,1025.5,590
2022-03-03,2.1,-2.4,7.8,0,0,70,11.5,28.4,1022.2,620
2022-03-04,1.2,-2.8,5.7,0,0,109,11.5,32,1024.3,375
2022-03-05,1.7,-3.8,6.7,0,0,95,12.2,36.4,1024.2,632
2022-03-06,1.5,-2.9,5.5,0,0,27,12.2,32.8,1026.9,349
2022-03-07,1.3,-3.8,7.8,0,0,274,5,24.1,1027.5,409
2022-03-08,3.6,-3.2,10.3,0,0,120,10.4,36.4,1024.8,660
2022-03-09,5.5,-2.7,12.8,0,0,124,11.2,29.5,1024.6,661
2022-03-10,7,-0.3,14,0,0,119,16.2,39.6,1025.9,661
2022-03-11,5.2,0.3,10,0,0,118,27,59.4,1021,663
2022-03-12,6.6,1.1,13.1,0,0,124,19.4,42.1,1019.2,554
2022-03-13,7.3,0.8,14,0,0,117,16.6,38.2,1017.4,628
2022-03-14,6.2,1,9.3,4.8,0,185,9,33.8,1023.5,0
2022-03-15,5.7,-0.2,11.3,0,0,97,6.5,18.4,1026.2,0
2022-03-16,8.2,2.1,13.4,0,0,108,13.7,38.9,1025.9,343
2022-03-17,7.1,-1.5,10.5,2.1,0,228,17.6,46.4,1028,208
2022-03-18,6,-3,14.6,0,0,279,7.9,32.8,1043.2,521
2022-03-19,6.7,0.8,12.1,0,0,60,19.1,48.6,1043.9,660
2022-03-20,7.7,1.4,13.2,0,0,98,26.6,69.8,1033.1,658
2022-03-21,9.5,4.9,15.2,0,0,125,12.6,32,1032,613
2022-03-22,10.8,3.6,18.5,0,0,120,7.6,18.4,1032.3,631
2022-03-23,10.3,0.6,18.8,0,0,89,6.1,36.4,1031.2,701
2022-03-24,9.8,2.3,17.6,0,0,109,5.8,20.5,1029.5,668
2022-03-25,8.3,-1,16.9,0,0,292,7.2,28.4,1030.4,650
2022-03-26,7.6,0.8,15.5,0,0,298,14.4,45.7,1031.4,447
2022-03-27,7.7,3.1,14.3,0,0,,7.6,22.3,1031.1,362
2022-03-28,6.6,4.4,9.4,0.1,0,319,11.9,25.9,1022.5,1
2022-03-29,6.4,1,9.1,0.8,0,313,14,46.8,1012.6,95
2022-03-30,3.9,1.3,6.2,3.7,0,348,6.8,20.5,1005.6,2
2022-03-31,3.1,0.4,6.5,1.5,10,66,24.5,59.4,1003.4,94
2022-04-01,3,0.4,5.3,0,0,43,27.4,55.4,1010.3,0
2022-04-02,3.4,-1.2,7.3,0,0,19,19.8,44.3,1018,401
2022-04-03,2.5,-4,8.4,0.2,0,275,14,47.5,1019.3,292
2022-04-04,5,1.4,8.6,5,0,235,32.8,78.8,1004.1,0
2022-04-05,7.5,4.3,9.6,5.3,0,273,18,46.4,1001.6,2
2022-04-06,9.6,8.3,10.6,1.3,0,230,30.6,62.3,996.4,1
2022-04-07,7.9,2.8,11.4,11.6,0,228,34.9,85.3,982.5,231
2022-04-08,5.2,2.4,8.4,2.8,0,265,24.5,55.4,994.5,165
2022-04-09,4.3,1.4,9.1,2.9,0,269,24.8,59.4,1006.1,485
2022-04-10,4.3,-0.1,9.4,1,0,273,21.2,64.8,1017.3,534
2022-04-11,6.3,-0.5,13.9,0,0,136,6.1,18.4,1018.4,632
2022-04-12,11.5,3.5,18.5,0,0,104,19.4,49.3,1013.6,501
2022-04-13,14.8,8.5,21.6,3,0,177,10.8,31.3,1015.3,322
2022-04-14,12.1,7.3,17.1,0,0,260,13.7,38.9,1020.1,292
2022-04-15,8.6,6.8,11.4,0,0,315,14.8,37.8,1027.5,36
2022-04-16,8.7,3.1,14.1,0,0,98,14.4,35.3,1034.4,814
2022-04-17,9.7,1.3,15.7,0,0,119,11.5,29.5,1028.8,819
2022-04-18,11,2.5,17.9,0,0,118,10.8,27.7,1020,815
2022-04-19,10.9,4.9,16.7,0,0,63,16.2,42.1,1016.9,803
2022-04-20,10.5,4.2,16.9,0,0,60,15.1,38.2,1018,779
2022-04-21,10.9,4.7,17.2,0,0,55,17.3,40.7,1014.8,374
2022-04-22,11.8,5.5,17.3,0,0,67,20.9,48.2,1010.4,523
2022-04-23,12.6,7.4,17.8,0,0,79,24.1,48.6,1009,821
2022-04-24,9.9,5.8,14.9,0.5,0,47,22.3,48.2,1007.1,396
2022-04-25,9.6,6.2,15.6,0,0,46,12.2,27.7,1012.4,217
2022-04-26,9.8,2.5,16.2,0,0,2,12.6,41.4,1017.8,560
2022-04-27,8,0.5,13.9,0,0,308,10.4,27.7,1025.8,758
2022-04-28,7.9,-0.7,14.1,0,0,304,11.5,35.3,1030.1,444
2022-04-29,7.9,0.9,13.3,0,0,343,13,33.5,1029.2,536
2022-04-30,8.4,0.6,13.4,0,0,318,11.5,29.2,1025.7,253
2022-05-01,8.8,1.1,13.2,0,0,307,7.2,22.3,1023.8,65
2022-05-02,11,2.5,17.4,0,0,16,9.4,31,1020,599
2022-05-03,7.9,0.7,13.4,0,0,300,10.4,35.3,1018.9,394
2022-05-04,8.9,1.7,15.4,0,0,289,7.9,25.9,1018.9,600
2022-05-05,10.4,0.3,18.3,0,0,296,7.2,25.9,1022.2,682
2022-05-06,14,4.7,21.3,0,0,270,6.8,25.9,1023.8,626
2022-05-07,13.5,8,19.7,0.5,0,292,10.1,42.1,1023.4,354
2022-05-08,10.6,2.5,16.4,0,0,330,12.2,37.1,1027.8,864
2022-05-09,14.4,2.2,22.7,0,0,109,10.1,29.2,1025.5,839
2022-05-10,17.2,10.9,24.8,1.2,0,186,13.7,50,1015.9,246
2022-05-11,16.6,11.6,23.2,0.1,0,223,16.2,51.8,1009.3,348
2022-05-12,14.6,9.3,20,0,0,267,20.5,59.4,1015.1,554
2022-05-13,13.1,7.9,18.3,0,0,235,20.2,48.6,1016.9,180
2022-05-14,14.3,8.1,19.3,0,0,283,15.8,42.1,1020.2,642
2022-05-15,15,3.9,22.9,0,0,106,7.2,25.9,1020.8,882
2022-05-16,18.5,9.5,26,1.8,0,113,15.8,51.1,1016.4,634
2022-05-17,18.5,12.9,24.7,0,0,262,10.1,25.9,1019.8,461
2022-05-18,21.9,15.2,29.4,0,0,150,11.9,31,1020.4,492
2022-05-19,20.4,14.2,28.2,7.4,0,195,10.8,55.4,1017.7,420
2022-05-20,15.6,10.5,21.2,7.9,0,226,14.4,68.4,1016.6,538
2022-05-21,14,7.2,18.8,0,0,269,23.8,57.2,1017.6,295
2022-05-22,13.4,5.8,19.6,0,0,263,6.8,24.8,1016,645
2022-05-23,17.8,10.4,24.5,7.1,0,118,19.4,63,1003.2,668
2022-05-24,14.2,9.3,17.7,3.2,0,220,18.7,53.6,1004.1,199
2022-05-25,13.8,7.1,19.5,1.2,0,226,15.5,53.6,1012.9,499
2022-05-26,15,12,19,5.9,0,250,22.7,57.2,1016.4,237
2022-05-27,12.7,8.2,16.4,5.9,0,271,27.4,71.6,1016.5,425
2022-05-28,10.8,7.2,15.2,0.5,0,288,25.9,66.6,1016.4,330
2022-05-29,10.1,8.4,12.9,0.4,0,287,18.7,43.2,1012.4,4
2022-05-30,10.6,6.4,14.3,0,0,280,8.6,42.1,1013.2,124
2022-05-31,12.6,6.4,17.5,0.4,0,96,6.1,19.8,1013.8,181
2022-06-01,11.7,8.1,16.3,7.5,0,250,10.4,48.2,1013.8,161
2022-06-02,12.9,5.4,18.6,0,,279,11.5,29.5,1020.7,672
2022-06-03,15.3,6.3,22.4,0,,48,12.6,40.7,1020.5,888
2022-06-04,15.5,9.3,21.8,0,,17,15.1,34.6,1021.6,950
2022-06-05,18.4,10,24.4,0.4,,81,14.8,39.6,1015.6,558
2022-06-06,16.8,11.8,21.8,2.5,,211,24.1,52.9,1011.6,269
2022-06-07,14.3,8.9,18.5,0,,228,18,48.2,1011,248
2022-06-08,15.7,7.4,23,1.9,,188,9.7,40.7,1007.5,315
2022-06-09,16.6,9.5,21.6,0,,253,15.8,37.8,1012.3,274
2022-06-10,16.9,8.3,22.6,0.3,,203,11.5,38.9,1020.6,443
2022-06-11,19.4,11,24.3,0,,244,15.5,42.5,1020.8,663
2022-06-12,16.9,8.6,24.2,0,,255,13.3,42.5,1020.3,752
2022-06-13,13.4,7.9,18.9,0.6,,281,16.9,63,1020.3,492
2022-06-14,13.9,6.6,20.1,0,,272,7.9,24.1,1022.4,317
2022-06-15,16.4,6.9,23.7,0,,43,10.8,40,1019.7,801
2022-06-16,17,10,22.7,0,,355,15.1,41.4,1021.9,819
2022-06-17,18.5,9,24.6,0,,197,8.3,24.1,1022.3,292
2022-06-18,20.8,14.2,27.3,0,,295,13.7,41.4,1015.4,824
2022-06-19,14.9,9.5,19.1,0.4,,355,16.9,45.7,1011.5,100
2022-06-20,14.1,9.1,19.7,0,,288,17.6,48.2,1013.9,394
2022-06-21,15.8,6.4,23,0,,266,8.6,29.5,1015,828
2022-06-22,17.9,7.3,25.1,0,,21,10.1,30.2,1013.6,968
2022-06-23,22.9,12.2,31.2,0,,97,11.5,29.5,1012.4,966
2022-06-24,21.7,15.4,27,0,,173,14.8,37.1,1006.6,444
2022-06-25,22.7,15.4,29.3,0,,200,9,29.2,1011,656
2022-06-26,21.9,16.3,26.7,14.7,,260,13,35.3,1014.1,381
2022-06-27,16.4,14.2,20.3,1.3,,334,12.2,31,1015.9,11
2022-06-28,18.9,11.4,24.5,0,,230,9.7,30.2,1020.3,789
2022-06-29,21.5,13.2,28.1,0,,105,13.3,40.7,1015.4,579
2022-06-30,23.3,15.2,29.7,4.3,,88,13,74.2,1011.3,899
2022-07-01,16.9,12.6,21.3,0.6,,252,15.1,38.9,1016.3,180
2022-07-02,19.4,10.5,25.6,0,,207,11.2,36.4,1020.6,780
2022-07-03,19.6,10.8,27.5,2.9,,297,10.4,46.4,1016.7,683
2022-07-04,17.4,10.3,24.5,0,,264,15.1,42.1,1018.8,760
2022-07-05,16.1,9.9,22.8,0,,262,14,40.7,1021.2,568
2022-07-06,15.9,11.2,21.7,7.3,,265,17.6,43.2,1022.2,169
2022-07-07,15.9,14.1,19.4,2.1,,281,25.6,64.1,1019.4,72
2022-07-08,16.5,12.6,22,0,,293,17.6,40,1027.9,350
2022-07-09,15.9,12.2,21.5,0.6,,287,19.4,52.9,1024.8,262
2022-07-10,15.1,12.1,18.5,0.5,,297,20.9,45.7,1022.8,137
2022-07-11,16.1,12.7,19.5,0.3,,300,13.7,27.7,1022.9,11
2022-07-12,19.8,14.6,25.7,0,,279,6.8,22.3,1023.7,436
2022-07-13,21.4,12.5,28.9,0,,256,15.5,40,1018.6,541
2022-07-14,15,9.3,21.6,0,,289,13.3,48.6,1019.6,316
2022-07-15,14.5,8.9,18.9,1.1,,264,13.3,50,1020.6,154
2022-07-16,16.1,9.5,20.4,0,,293,22,47.5,1022.2,605
2022-07-17,16.3,7.8,23.4,0,,281,8.3,26.6,1026.7,666
2022-07-18,22.1,11.8,31.9,0,,173,7.6,29.2,1022.3,761
2022-07-19,26.2,13.2,35.8,0,,110,8.3,27,1017.8,831
2022-07-20,28.1,19.4,37,1,,124,17.6,42.5,1015.1,886
2022-07-21,20,16.1,25,3.6,,246,14,38.9,1016.7,135
2022-07-22,16.8,13.9,19.2,0,,291,14,34.6,1019,3
2022-07-23,16.9,11.5,22.4,0,,290,13,42.1,1018.9,605
2022-07-24,22.1,11.9,30,0,,174,13.3,44.3,1016.9,875
2022-07-25,23.2,17.4,31.7,3.1,,200,17.3,50,1008.5,493
2022-07-26,17.3,11.5,20.7,1.3,,288,18.7,45.7,1014.5,185
2022-07-27,15.2,9.4,21.3,0,,295,16.2,42.1,1019.1,656
2022-07-28,15.7,8.1,21.6,0,,331,9.7,29.5,1019.9,613
2022-07-29,19.3,13.3,25.2,0.1,,50,15.1,31.3,1017.5,243
2022-07-30,19.9,13.3,26.2,0.4,,333,8.6,38.2,1017.1,232
2022-07-31,19,14.9,25.1,8.2,,208,9.4,38.2,1015,17
2022-08-01,17.6,9.7,21.4,0,,313,15.5,41.4,1016.9,480
2022-08-02,18.9,8,27.6,0,,194,9.7,40,1016.8,640
2022-08-03,24.4,16.2,32.2,0,,205,12.2,43.2,1014.2,859
2022-08-04,23.8,17.8,35.6,3.7,,112,13.7,79.6,1012.7,480
2022-08-05,17.2,10.4,22.5,6.5,,304,14,51.1,1017.4,303
2022-08-06,15.6,8.9,21.3,0,,284,10.4,34.6,1026.4,645
2022-08-07,16.8,7.8,23.4,0,,252,7.2,33.5,1025.2,825
2022-08-08,17.7,9.1,23.2,0,,338,9.7,27,1025.8,549
2022-08-09,19.7,12.8,25.9,0,,20,11.5,29.5,1028.2,874
2022-08-10,21.3,12.6,28,0,,50,9.7,29.2,1026.6,874
2022-08-11,23.1,14.4,30,0,,56,9.7,28.4,1023,870
2022-08-12,23.8,15.1,31.3,0,,81,10.1,31,1020.1,862
2022-08-13,24.2,13.8,31.1,0,,85,9.7,41.4,1017.4,697
2022-08-14,25.7,19.2,31.5,0,,97,14,38.9,1009.8,597
2022-08-15,23.7,17.4,31.3,4.3,,124,9.7,46.8,1003.9,166
2022-08-16,22.9,17,29.6,0,,228,9.7,31.3,1007.7,295
2022-08-17,22.9,16.5,30.2,0,,75,9.4,38.9,1010.5,384
2022-08-18,20.3,13.6,24.9,0,,286,14,33.5,1012.1,294
2022-08-19,20.3,13,27,0.1,,308,9.7,33.5,1012.9,670
2022-08-20,19.9,12.6,24.9,0,,307,11.5,35.3,1015.6,515
2022-08-21,19.2,11,25.9,0,,237,10.8,35.3,1015.7,602
2022-08-22,21.6,14.1,26.3,0,,62,9,27.7,1015.9,391
2022-08-23,24.1,18.4,29.6,0,,123,16.6,37.1,1016.3,678
2022-08-24,24.9,18.4,31.2,0,,114,13,30.2,1018.7,736
2022-08-25,24,16.5,30.2,0,,100,13.7,39.6,1017.1,684
2022-08-26,22.7,19.2,29.4,0.2,,70,13.3,41.4,1013.8,437
2022-08-27,18.8,12.2,23.1,0,,321,18.7,37.8,1015.9,267
2022-08-28,16.2,9.8,22.8,0,,295,16.2,43.9,1019.1,570
2022-08-29,17.9,11.8,24.2,0,,314,12.2,36.4,1020.9,321
2022-08-30,16.8,9.4,23.9,0,,45,11.5,33.5,1022.6,330
2022-08-31,17.1,10.4,23.4,0,,59,14.8,37.1,1023.9,760
2022-09-01,17.3,11.2,23.4,0,,66,14,37.1,1022.8,709
2022-09-02,17.6,10,24.4,0,,90,16.2,40.7,1018.3,691
2022-09-03,18.6,12.2,24.2,0,,102,18.7,49.3,1015.5,734
2022-09-04,19.1,11.7,26,0,,91,13.7,33.5,1019.3,697
2022-09-05,21.6,16,27.8,0,,100,16.9,36.4,1020.7,608
2022-09-06,18.5,15,22.3,0.5,,94,16.6,34.6,1016.8,262
2022-09-07,19,13,24.6,0.4,,127,7.9,27.7,1012.3,203
2022-09-08,15.5,12.8,17.6,6.4,,98,6.8,22.3,1008.2,20
2022-09-09,15.3,11.6,20.8,5.7,,161,9.4,29.5,1008.6,199
2022-09-10,16.6,11.9,21.8,0,,132,7.9,22.3,1011.8,124
2022-09-11,15.8,10.1,22.1,0,,326,7.9,40.7,1017.9,385
2022-09-12,16.3,8.2,23.5,1.9,,145,9,31.3,1014.6,452
2022-09-13,16.8,10.8,22.2,0.7,,256,13.7,45,1008.5,324
2022-09-14,14.2,9.3,19.9,0,,262,6.8,22.3,1005.4,129
2022-09-15,13.2,8.9,18.2,3,,265,15.1,42.1,1005.1,191
2022-09-16,12,9.6,17.2,21.3,,262,26.3,76,1005.5,373
2022-09-17,10.7,7.4,13.9,11.3,,283,22.3,55.1,1008.1,164
2022-09-18,10.5,5.9,15,17.5,,276,22,68,1009.1,324
2022-09-19,11.4,7.6,16.1,3.3,,288,15.8,50.8,1015.5,463
2022-09-20,10.3,4.4,15.1,0.8,,283,10.1,27,1021.8,274
2022-09-21,9.8,2.4,17.7,0,,226,4.7,20.5,1026.2,674
2022-09-22,11.2,3.5,18.4,0,,149,6.1,22.3,1022.9,559
2022-09-23,12.4,6.9,17.6,4,,150,7.6,22.3,1015.9,227
2022-09-24,12.9,11.1,15.2,0.8,,188,11.2,38.2,1012.1,0
2022-09-25,12,7,16.1,0.6,,308,11.2,35.3,1012,294
2022-09-26,10.8,8.9,12.3,6.9,,195,18.7,47.5,999.4,0
2022-09-27,9.6,5.4,11.6,3.7,,240,15.1,38.2,994.2,24
2022-09-28,8.2,4.9,13.1,0.2,,187,5,13.7,996.5,165
2022-09-29,9.1,2.7,15.2,0.1,,230,7.6,25.2,1002.4,314
2022-09-30,10.6,5.1,16.4,3.1,,204,11.9,33.5,1008.2,543
2022-10-01,12.4,10.1,17.5,2.9,,215,22.7,55.1,1003.7,237
2022-10-02,12.6,8.9,17.3,1,,259,19.8,48.2,1015,363
2022-10-03,12,7.4,17.8,0,,271,11.9,38.9,1024.1,328
2022-10-04,12.7,7.8,18.2,0,,195,11.2,33.5,1019.8,536
2022-10-05,15.2,10.5,19.1,0.4,,201,19.4,61.2,1014.1,150
2022-10-06,13.1,7.2,17.1,0,,240,20.9,45.7,1025.1,618
2022-10-07,11.3,5.3,17.7,0,,192,14,46.4,1021,507
2022-10-08,11,6,16,1.4,,243,16.9,49.3,1018.3,416
2022-10-09,9.6,3.7,15.7,0,,171,9.4,27,1022.9,603
2022-10-10,10.1,5.2,17.3,1.2,,183,13,51.1,1015.7,408
2022-10-11,9.3,3.9,15.8,0,,242,7.9,32.8,1025,517
2022-10-12,8.8,3.2,15.7,0,,143,6.8,24.1,1023.3,590
2022-10-13,11.5,5.8,16,0.3,,192,9.4,31.3,1016.6,80
2022-10-14,13.5,11.6,15.6,1.1,,178,10.1,25.9,1011.1,55
2022-10-15,13.6,10.1,17.3,1.8,,201,12.6,37.8,1006.4,185
2022-10-16,13.3,9,18.2,0,,198,14,43.2,1014.2,425
2022-10-17,14.8,9.6,19.4,5.8,,171,10.8,35.3,1020,116
2022-10-18,13.2,7.6,16.6,0,,261,10.8,39.6,1026.4,396
2022-10-19,10.8,6.7,14.6,0,,66,8.6,24.8,1027.3,264
2022-10-20,9.8,5.7,13.8,2.4,,115,17.3,42.5,1016.1,287
2022-10-21,13.7,10.7,17.9,0.2,,149,9,25.2,1008.4,255
2022-10-22,13,8.3,18.6,0.1,,188,10.1,35.3,1012.2,283
2022-10-23,12.8,7.7,16.6,0.6,,128,10.8,48.2,1010.7,67
2022-10-24,15.1,11.8,18.5,0.4,,191,18,63.7,1006.1,212
2022-10-25,13.1,7.7,16.8,0.8,,216,13.7,38.2,1013.6,224
2022-10-26,11.8,7,18.5,0,,144,7.9,22.3,1016.7,322
2022-10-27,14.6,9.7,19.6,0,,147,10.1,25.9,1021.2,305
2022-10-28,16.9,11,22.6,0,,168,10.8,37.1,1017.6,324
2022-10-29,15.1,8.9,20.5,0,,158,6.8,16.6,1019,209
2022-10-30,14.9,9.9,21.3,0,,168,5.8,14.8,1016.9,441
2022-10-31,12.1,8.5,15.4,0.2,,138,8.3,31,1018.6,122
2022-11-01,13.6,9.1,16.9,0.7,,177,18.4,63,1013.1,358
2022-11-02,11.1,6.8,14.4,0,,205,20.5,57.2,1016.4,344
2022-11-03,11.1,7.5,14.1,0.4,,143,16.6,34.6,1008.2,18
2022-11-04,9.8,4,13.2,0,,227,15.8,45,1005.2,254
2022-11-05,7.4,1.9,12.5,0,,217,11.9,32,1014.9,389
2022-11-06,10.3,8.2,13.9,1.5,,180,20.5,42.5,1010.2,165
2022-11-07,12.7,10.1,14.4,0,,207,20.5,44.3,1008.5,24
2022-11-08,13.4,9.9,16.3,0,,178,17.6,38.9,1007.1,157
2022-11-09,13,9.5,15.6,1.6,,208,19.8,53.6,1007.5,226
2022-11-10,11.1,8.1,14.1,0,,224,19.1,39.6,1020.8,126
2022-11-11,8.9,3.4,13.9,0,,213,12.6,35.3,1028.5,253
2022-11-12,5.7,0.4,12.3,0,,120,4.3,16.2,1031.3,340
2022-11-13,6.9,2.5,12.4,0,,94,12.2,38.9,1025.4,486
2022-11-14,7,6.3,8.1,0,,111,17.3,37.1,1015,98
2022-11-15,11.2,5.8,15.7,0.6,,134,13,31,1007.4,187
2022-11-16,8.5,6.7,12,8.5,,113,21.2,56.2,1001.9,0
2022-11-17,5.5,4.5,6.7,11.8,,109,31.3,68,996.3,0
2022-11-18,2.1,-2.3,4.8,0,,92,20.2,42.1,1006.1,0
2022-11-19,-1.5,-5.1,3.5,0.2,,54,8.3,22.3,1014.7,473
2022-11-20,-0.5,-2.9,1.5,0.4,,216,6.8,20.5,1009.5,1
2022-11-21,-1.5,-6.2,2.9,0.7,,132,9.7,35.6,1002.4,337
2022-11-22,3.2,0,6.4,0.8,,120,18.4,39.6,996.2,204
2022-11-23,7.2,5.4,10.8,0.6,,147,15.1,31.3,999.2,104
2022-11-24,6.1,3.5,10.2,0.3,,171,10.4,29.5,1008.4,186
2022-11-25,6.3,2.9,10.2,0.6,,173,10.1,24.1,1015.2,111
2022-11-26,5.2,1.6,7.9,0,,201,7.6,25.2,1027,0
2022-11-27,5.2,2.3,7.2,2.8,,140,12.2,33.5,1021.2,32
2022-11-28,5.4,4.6,6.2,6.5,,125,14,31.3,1012.2,0
2022-11-29,5.2,4.6,6.1,5.1,,116,9,23.4,1017.7,0
2022-11-30,4.8,4.3,5.4,0,,63,9.7,18.4,1024.5,0
2022-12-01,3.6,1.9,4.5,0,,62,10.8,22.7,1028.1,0
2022-12-02,1.9,0.6,2.8,0,,62,16.2,40.7,1026.8,0
2022-12-03,0.5,-1,2.7,0,,82,15.5,33.8,1023.8,0
2022-12-04,1.5,-0.9,4,0.1,,60,18.7,34.6,1020.5,0
2022-12-05,2.8,1,4.2,7,,61,9.4,29.5,1018.9,0
2022-12-06,2.8,-1.2,4.3,1,,285,9.4,29.2,1016.7,0
2022-12-07,2.9,0.5,5.5,1.8,,262,15.5,37.1,1011.5,35
2022-12-08,1.6,-2,4.6,0,,239,13.7,33.5,1005.9,217
2022-12-09,-0.4,-2.8,1.3,0,,170,6.8,17.3,1007.1,0
2022-12-10,-0.1,-1.1,0.7,0,,138,7.9,20.5,1010.3,0
2022-12-11,-1.4,-4.7,-0.4,0,,131,7.2,15.5,1011.1,0
2022-12-12,-4.4,-9,0.7,0,,149,3.6,9.4,1012.8,391
2022-12-13,-4.7,-7.8,-0.6,0,,151,5.4,13,1011.2,230
2022-12-14,-6.6,-9.9,-2,0,,133,5.8,15.5,1004.2,400
2022-12-15,-3.7,-8.1,1.2,0,,202,9.7,27,1006.8,395
2022-12-16,-3.9,-7,-0.1,0,,132,4.7,13,1015.6,170
2022-12-17,-6.6,-10.1,-3.7,0,,187,6.1,14.8,1025.8,13
2022-12-18,-5,-9.7,-0.7,0.4,,132,11.9,38.9,1027.5,200
2022-12-19,4.5,-0.8,8.1,4.6,,170,16.6,31.3,1016.1,0
2022-12-20,9.5,7.1,11.3,6.7,,195,14.8,40.7,1010.8,2
2022-12-21,7,4.7,9.1,0.3,,212,8.6,28.4,1008.5,79
2022-12-22,7.1,5.5,8.8,3.5,,209,10.8,33.5,1003,170
2022-12-23,6.3,5.3,7.7,12.8,,122,6.8,24.1,1003.1,0
2022-12-24,7.5,2.7,10.3,0.4,,218,13.3,34.6,1009.2,43
2022-12-25,6.1,2.9,7.7,10.8,,132,7.9,19.8,1012.1,0
2022-12-26,6.6,2.2,10.2,0.2,,232,18.4,62.3,1011,28
2022-12-27,4.4,2.3,6.5,1.5,,225,20.5,45.7,1019.7,230
2022-12-28,7.6,5.1,9.8,5.7,,204,25.9,49.3,1007.8,0
2022-12-29,9.4,6,11,4,,218,27.4,69.1,1000.6,63
2022-12-30,7.7,4.6,12.1,6.3,,193,24.5,57.2,1004.9,84
2022-12-31,13.2,10.7,16,15.3,,213,23.4,68,1003.4,9
